Year,Series,Region,Wall Material,Roof Material,Type of Lighting,Type of Cooking Fuel,Unnamed: 8,Value
2009,Number of private households main wall material,,,,,,,47373
2009,Number of private households main wall material,,Concrete,,,,,11803
2009,Number of private households main wall material,,Makeshift or improvised materials,,,,,1396
2009,Number of private households main wall material,,Metal,,,,,8944
2009,Number of private households main wall material,,Others,,,,,429
2009,Number of private households main wall material,,Traditional materials,,,,,20290
2009,Number of private households main wall material,,Wood,,,,,4511
2009,Number of private households main wall material,Port Vila,,,,,,9054
2009,Number of private households main wall material,Port Vila,Concrete,,,,,4430
2009,Number of private households main wall material,Port Vila,Makeshift or improvised materials,,,,,535
2009,Number of private households main wall material,Port Vila,Metal,,,,,3168
2009,Number of private households main wall material,Port Vila,Others,,,,,79
2009,Number of private households main wall material,Port Vila,Traditional materials,,,,,236
2009,Number of private households main wall material,Port Vila,Wood,,,,,606
2009,Number of private households main wall material,Luganville,,,,,,2552
2009,Number of private households main wall material,Luganville,Concrete,,,,,1056
2009,Number of private households main wall material,Luganville,Makeshift or improvised materials,,,,,45
2009,Number of private households main wall material,Luganville,Metal,,,,,414
2009,Number of private households main wall material,Luganville,Others,,,,,19
2009,Number of private households main wall material,Luganville,Traditional materials,,,,,64
2009,Number of private households main wall material,Luganville,Wood,,,,,954
2009,Number of private households main wall material,Torba,,,,,,1766
2009,Number of private households main wall material,Torba,Concrete,,,,,166
2009,Number of private households main wall material,Torba,Makeshift or improvised materials,,,,,30
2009,Number of private households main wall material,Torba,Metal,,,,,89
2009,Number of private households main wall material,Torba,Others,,,,,7
2009,Number of private households main wall material,Torba,Traditional materials,,,,,1408
2009,Number of private households main wall material,Torba,Wood,,,,,66
2009,Number of private households main wall material,Sanma,,,,,,6661
2009,Number of private households main wall material,Sanma,Concrete,,,,,1322
2009,Number of private households main wall material,Sanma,Makeshift or improvised materials,,,,,116
2009,Number of private households main wall material,Sanma,Metal,,,,,381
2009,Number of private households main wall material,Sanma,Others,,,,,33
2009,Number of private households main wall material,Sanma,Traditional materials,,,,,3796
2009,Number of private households main wall material,Sanma,Wood,,,,,1013
2009,Number of private households main wall material,Penama,,,,,,6620
2009,Number of private households main wall material,Penama,Concrete,,,,,916
2009,Number of private households main wall material,Penama,Makeshift or improvised materials,,,,,96
2009,Number of private households main wall material,Penama,Metal,,,,,556
2009,Number of private households main wall material,Penama,Others,,,,,29
2009,Number of private households main wall material,Penama,Traditional materials,,,,,4686
2009,Number of private households main wall material,Penama,Wood,,,,,337
2009,Number of private households main wall material,Malampa,,,,,,7991
2009,Number of private households main wall material,Malampa,Concrete,,,,,1455
2009,Number of private households main wall material,Malampa,Makeshift or improvised materials,,,,,280
2009,Number of private households main wall material,Malampa,Metal,,,,,485
2009,Number of private households main wall material,Malampa,Others,,,,,33
2009,Number of private households main wall material,Malampa,Traditional materials,,,,,5100
2009,Number of private households main wall material,Malampa,Wood,,,,,638
2009,Number of private households main wall material,Shefa,,,,,,6876
2009,Number of private households main wall material,Shefa,Concrete,,,,,1779
2009,Number of private households main wall material,Shefa,Makeshift or improvised materials,,,,,217
2009,Number of private households main wall material,Shefa,Metal,,,,,3139
2009,Number of private households main wall material,Shefa,Others,,,,,65
2009,Number of private households main wall material,Shefa,Traditional materials,,,,,1075
2009,Number of private households main wall material,Shefa,Wood,,,,,601
2009,Number of private households main wall material,Tafea,,,,,,5853
2009,Number of private households main wall material,Tafea,Concrete,,,,,679
2009,Number of private households main wall material,Tafea,Makeshift or improvised materials,,,,,77
2009,Number of private households main wall material,Tafea,Metal,,,,,712
2009,Number of private households main wall material,Tafea,Others,,,,,164
2009,Number of private households main wall material,Tafea,Traditional materials,,,,,3925
2009,Number of private households main wall material,Tafea,Wood,,,,,296
2020,Number of private households main wall material,,,,,,,63365
2020,Number of private households main wall material,,Concrete,,,,,21808
2020,Number of private households main wall material,,Makeshift or improvised materials,,,,,4544
2020,Number of private households main wall material,,Metal,,,,,2644
2020,Number of private households main wall material,,Others,,,,,950
2020,Number of private households main wall material,,Traditional materials,,,,,20353
2020,Number of private households main wall material,,Wood,,,,,13067
2020,Number of private households main wall material,Port Vila,,,,,,11118
2020,Number of private households main wall material,Port Vila,Concrete,,,,,6069
2020,Number of private households main wall material,Port Vila,Makeshift or improvised materials,,,,,482
2020,Number of private households main wall material,Port Vila,Metal,,,,,700
2020,Number of private households main wall material,Port Vila,Others,,,,,14
2020,Number of private households main wall material,Port Vila,Traditional materials,,,,,45
2020,Number of private households main wall material,Port Vila,Wood,,,,,3808
2020,Number of private households main wall material,Luganville,,,,,,3584
2020,Number of private households main wall material,Luganville,Concrete,,,,,1920
2020,Number of private households main wall material,Luganville,Makeshift or improvised materials,,,,,576
2020,Number of private households main wall material,Luganville,Metal,,,,,447
2020,Number of private households main wall material,Luganville,Others,,,,,7
2020,Number of private households main wall material,Luganville,Traditional materials,,,,,78
2020,Number of private households main wall material,Luganville,Wood,,,,,556
2020,Number of private households main wall material,Torba,,,,,,2392
2020,Number of private households main wall material,Torba,Concrete,,,,,366
2020,Number of private households main wall material,Torba,Makeshift or improvised materials,,,,,84
2020,Number of private households main wall material,Torba,Metal,,,,,13
2020,Number of private households main wall material,Torba,Others,,,,,18
2020,Number of private households main wall material,Torba,Traditional materials,,,,,1773
2020,Number of private households main wall material,Torba,Wood,,,,,138
2020,Number of private households main wall material,Sanma,,,,,,9306
2020,Number of private households main wall material,Sanma,Concrete,,,,,3048
2020,Number of private households main wall material,Sanma,Makeshift or improvised materials,,,,,1429
2020,Number of private households main wall material,Sanma,Metal,,,,,689
2020,Number of private households main wall material,Sanma,Others,,,,,178
2020,Number of private households main wall material,Sanma,Traditional materials,,,,,3429
2020,Number of private households main wall material,Sanma,Wood,,,,,533
2020,Number of private households main wall material,Penama,,,,,,7863
2020,Number of private households main wall material,Penama,Concrete,,,,,1537
2020,Number of private households main wall material,Penama,Makeshift or improvised materials,,,,,263
2020,Number of private households main wall material,Penama,Metal,,,,,130
2020,Number of private households main wall material,Penama,Others,,,,,49
2020,Number of private households main wall material,Penama,Traditional materials,,,,,4871
2020,Number of private households main wall material,Penama,Wood,,,,,1013
2020,Number of private households main wall material,Malampa,,,,,,9715
2020,Number of private households main wall material,Malampa,Concrete,,,,,2669
2020,Number of private households main wall material,Malampa,Makeshift or improvised materials,,,,,374
2020,Number of private households main wall material,Malampa,Metal,,,,,253
2020,Number of private households main wall material,Malampa,Others,,,,,253
2020,Number of private households main wall material,Malampa,Traditional materials,,,,,5515
2020,Number of private households main wall material,Malampa,Wood,,,,,651
2020,Number of private households main wall material,Shefa,,,,,,11148
2020,Number of private households main wall material,Shefa,Concrete,,,,,4729
2020,Number of private households main wall material,Shefa,Makeshift or improvised materials,,,,,697
2020,Number of private households main wall material,Shefa,Metal,,,,,303
2020,Number of private households main wall material,Shefa,Others,,,,,28
2020,Number of private households main wall material,Shefa,Traditional materials,,,,,630
2020,Number of private households main wall material,Shefa,Wood,,,,,4762
2020,Number of private households main wall material,Tafea,,,,,,8239
2020,Number of private households main wall material,Tafea,Concrete,,,,,1470
2020,Number of private households main wall material,Tafea,Makeshift or improvised materials,,,,,640
2020,Number of private households main wall material,Tafea,Metal,,,,,109
2020,Number of private households main wall material,Tafea,Others,,,,,402
2020,Number of private households main wall material,Tafea,Traditional materials,,,,,4012
2020,Number of private households main wall material,Tafea,Wood,,,,,1606
2009,Number of private households main roof material,,,,,,,47373
2009,Number of private households main roof material,,,Concrete,,,,1386
2009,Number of private households main roof material,,,Makeshift or improvised materials,,,,952
2009,Number of private households main roof material,,,Metal,,,,22806
2009,Number of private households main roof material,,,Others,,,,335
2009,Number of private households main roof material,,,Traditional materials,,,,21411
2009,Number of private households main roof material,,,Wood,,,,483
2009,Number of private households main roof material,Port Vila,,,,,,9054
2009,Number of private households main roof material,Port Vila,,Concrete,,,,271
2009,Number of private households main roof material,Port Vila,,Makeshift or improvised materials,,,,178
2009,Number of private households main roof material,Port Vila,,Metal,,,,8361
2009,Number of private households main roof material,Port Vila,,Others,,,,27
2009,Number of private households main roof material,Port Vila,,Traditional materials,,,,140
2009,Number of private households main roof material,Port Vila,,Wood,,,,77
2009,Number of private households main roof material,Luganville,,,,,,2552
2009,Number of private households main roof material,Luganville,,Concrete,,,,28
2009,Number of private households main roof material,Luganville,,Makeshift or improvised materials,,,,5
2009,Number of private households main roof material,Luganville,,Metal,,,,2187
2009,Number of private households main roof material,Luganville,,Others,,,,0
2009,Number of private households main roof material,Luganville,,Traditional materials,,,,296
2009,Number of private households main roof material,Luganville,,Wood,,,,36
2009,Number of private households main roof material,Torba,,,,,,1766
2009,Number of private households main roof material,Torba,,Concrete,,,,41
2009,Number of private households main roof material,Torba,,Makeshift or improvised materials,,,,6
2009,Number of private households main roof material,Torba,,Metal,,,,335
2009,Number of private households main roof material,Torba,,Others,,,,2
2009,Number of private households main roof material,Torba,,Traditional materials,,,,1379
2009,Number of private households main roof material,Torba,,Wood,,,,3
2009,Number of private households main roof material,Sanma,,,,,,6661
2009,Number of private households main roof material,Sanma,,Concrete,,,,189
2009,Number of private households main roof material,Sanma,,Makeshift or improvised materials,,,,72
2009,Number of private households main roof material,Sanma,,Metal,,,,1789
2009,Number of private households main roof material,Sanma,,Others,,,,39
2009,Number of private households main roof material,Sanma,,Traditional materials,,,,4448
2009,Number of private households main roof material,Sanma,,Wood,,,,124
2009,Number of private households main roof material,Penama,,,,,,6620
2009,Number of private households main roof material,Penama,,Concrete,,,,188
2009,Number of private households main roof material,Penama,,Makeshift or improvised materials,,,,149
2009,Number of private households main roof material,Penama,,Metal,,,,1904
2009,Number of private households main roof material,Penama,,Others,,,,66
2009,Number of private households main roof material,Penama,,Traditional materials,,,,4299
2009,Number of private households main roof material,Penama,,Wood,,,,14
2009,Number of private households main roof material,Malampa,,,,,,7991
2009,Number of private households main roof material,Malampa,,Concrete,,,,408
2009,Number of private households main roof material,Malampa,,Makeshift or improvised materials,,,,355
2009,Number of private households main roof material,Malampa,,Metal,,,,1475
2009,Number of private households main roof material,Malampa,,Others,,,,40
2009,Number of private households main roof material,Malampa,,Traditional materials,,,,5597
2009,Number of private households main roof material,Malampa,,Wood,,,,116
2009,Number of private households main roof material,Shefa,,,,,,6876
2009,Number of private households main roof material,Shefa,,Concrete,,,,122
2009,Number of private households main roof material,Shefa,,Makeshift or improvised materials,,,,105
2009,Number of private households main roof material,Shefa,,Metal,,,,5134
2009,Number of private households main roof material,Shefa,,Others,,,,36
2009,Number of private households main roof material,Shefa,,Traditional materials,,,,1439
2009,Number of private households main roof material,Shefa,,Wood,,,,40
2009,Number of private households main roof material,Tafea,,,,,,5853
2009,Number of private households main roof material,Tafea,,Concrete,,,,139
2009,Number of private households main roof material,Tafea,,Makeshift or improvised materials,,,,82
2009,Number of private households main roof material,Tafea,,Metal,,,,1621
2009,Number of private households main roof material,Tafea,,Others,,,,125
2009,Number of private households main roof material,Tafea,,Traditional materials,,,,3813
2009,Number of private households main roof material,Tafea,,Wood,,,,73
2020,Number of private households main roof material,,,,,,,63365
2020,Number of private households main roof material,,,Concrete,,,,1719
2020,Number of private households main roof material,,,Makeshift or improvised materials,,,,831
2020,Number of private households main roof material,,,Metal,,,,34677
2020,Number of private households main roof material,,,Others,,,,41
2020,Number of private households main roof material,,,Traditional materials,,,,25221
2020,Number of private households main roof material,,,Wood,,,,876
2020,Number of private households main roof material,Port Vila,,,,,,11118
2020,Number of private households main roof material,Port Vila,,Concrete,,,,453
2020,Number of private households main roof material,Port Vila,,Makeshift or improvised materials,,,,183
2020,Number of private households main roof material,Port Vila,,Metal,,,,10185
2020,Number of private households main roof material,Port Vila,,Others,,,,6
2020,Number of private households main roof material,Port Vila,,Traditional materials,,,,101
2020,Number of private households main roof material,Port Vila,,Wood,,,,190
2020,Number of private households main roof material,Luganville,,,,,,3584
2020,Number of private households main roof material,Luganville,,Concrete,,,,71
2020,Number of private households main roof material,Luganville,,Makeshift or improvised materials,,,,63
2020,Number of private households main roof material,Luganville,,Metal,,,,3032
2020,Number of private households main roof material,Luganville,,Others,,,,5
2020,Number of private households main roof material,Luganville,,Traditional materials,,,,399
2020,Number of private households main roof material,Luganville,,Wood,,,,14
2020,Number of private households main roof material,Torba,,,,,,2392
2020,Number of private households main roof material,Torba,,Concrete,,,,64
2020,Number of private households main roof material,Torba,,Makeshift or improvised materials,,,,5
2020,Number of private households main roof material,Torba,,Metal,,,,493
2020,Number of private households main roof material,Torba,,Others,,,,0
2020,Number of private households main roof material,Torba,,Traditional materials,,,,1826
2020,Number of private households main roof material,Torba,,Wood,,,,3
2020,Number of private households main roof material,Sanma,,,,,,9306
2020,Number of private households main roof material,Sanma,,Concrete,,,,163
2020,Number of private households main roof material,Sanma,,Makeshift or improvised materials,,,,120
2020,Number of private households main roof material,Sanma,,Metal,,,,3534
2020,Number of private households main roof material,Sanma,,Others,,,,5
2020,Number of private households main roof material,Sanma,,Traditional materials,,,,5411
2020,Number of private households main roof material,Sanma,,Wood,,,,73
2020,Number of private households main roof material,Penama,,,,,,7863
2020,Number of private households main roof material,Penama,,Concrete,,,,211
2020,Number of private households main roof material,Penama,,Makeshift or improvised materials,,,,239
2020,Number of private households main roof material,Penama,,Metal,,,,2846
2020,Number of private households main roof material,Penama,,Others,,,,8
2020,Number of private households main roof material,Penama,,Traditional materials,,,,4536
2020,Number of private households main roof material,Penama,,Wood,,,,24
2020,Number of private households main roof material,Malampa,,,,,,9715
2020,Number of private households main roof material,Malampa,,Concrete,,,,230
2020,Number of private households main roof material,Malampa,,Makeshift or improvised materials,,,,79
2020,Number of private households main roof material,Malampa,,Metal,,,,2668
2020,Number of private households main roof material,Malampa,,Others,,,,11
2020,Number of private households main roof material,Malampa,,Traditional materials,,,,6672
2020,Number of private households main roof material,Malampa,,Wood,,,,56
2020,Number of private households main roof material,Shefa,,,,,,11148
2020,Number of private households main roof material,Shefa,,Concrete,,,,250
2020,Number of private households main roof material,Shefa,,Makeshift or improvised materials,,,,87
2020,Number of private households main roof material,Shefa,,Metal,,,,9065
2020,Number of private households main roof material,Shefa,,Others,,,,2
2020,Number of private households main roof material,Shefa,,Traditional materials,,,,1599
2020,Number of private households main roof material,Shefa,,Wood,,,,144
2020,Number of private households main roof material,Tafea,,,,,,8239
2020,Number of private households main roof material,Tafea,,Concrete,,,,277
2020,Number of private households main roof material,Tafea,,Makeshift or improvised materials,,,,55
2020,Number of private households main roof material,Tafea,,Metal,,,,2854
2020,Number of private households main roof material,Tafea,,Others,,,,3
2020,Number of private households main roof material,Tafea,,Traditional materials,,,,4678
2020,Number of private households main roof material,Tafea,,Wood,,,,372
2009,Number of private households main source lighting,,,,,,,47373
2009,Number of private households main source lighting,,,,Candles,,,2168
2009,Number of private households main source lighting,,,,Lamp (non-renewable),,,26219
2009,Number of private households main source lighting,,,,Elecricity- main grid,,,13258
2009,Number of private households main source lighting,,,,Electricty- own generator,,,842
2009,Number of private households main source lighting,,,,Others,,,3215
2009,Number of private households main source lighting,,,,Solar,,,1671
2009,Number of private households main source lighting,Port Vila,,,,,,9054
2009,Number of private households main source lighting,Port Vila,,,Candles,,,778
2009,Number of private households main source lighting,Port Vila,,,Lamp (non-renewable),,,494
2009,Number of private households main source lighting,Port Vila,,,Elecricity- main grid,,,7551
2009,Number of private households main source lighting,Port Vila,,,Electricty- own generator,,,129
2009,Number of private households main source lighting,Port Vila,,,Others,,,41
2009,Number of private households main source lighting,Port Vila,,,Solar,,,61
2009,Number of private households main source lighting,Luganville,,,,,,2552
2009,Number of private households main source lighting,Luganville,,,Candles,,,370
2009,Number of private households main source lighting,Luganville,,,Lamp (non-renewable),,,295
2009,Number of private households main source lighting,Luganville,,,Elecricity- main grid,,,1735
2009,Number of private households main source lighting,Luganville,,,Electricty- own generator,,,57
2009,Number of private households main source lighting,Luganville,,,Others,,,71
2009,Number of private households main source lighting,Luganville,,,Solar,,,24
2009,Number of private households main source lighting,Torba,,,,,,1766
2009,Number of private households main source lighting,Torba,,,Candles,,,21
2009,Number of private households main source lighting,Torba,,,Lamp (non-renewable),,,1067
2009,Number of private households main source lighting,Torba,,,Elecricity- main grid,,,23
2009,Number of private households main source lighting,Torba,,,Electricty- own generator,,,22
2009,Number of private households main source lighting,Torba,,,Others,,,544
2009,Number of private households main source lighting,Torba,,,Solar,,,89
2009,Number of private households main source lighting,Sanma,,,,,,6661
2009,Number of private households main source lighting,Sanma,,,Candles,,,223
2009,Number of private households main source lighting,Sanma,,,Lamp (non-renewable),,,4920
2009,Number of private households main source lighting,Sanma,,,Elecricity- main grid,,,671
2009,Number of private households main source lighting,Sanma,,,Electricty- own generator,,,161
2009,Number of private households main source lighting,Sanma,,,Others,,,452
2009,Number of private households main source lighting,Sanma,,,Solar,,,234
2009,Number of private households main source lighting,Penama,,,,,,6620
2009,Number of private households main source lighting,Penama,,,Candles,,,66
2009,Number of private households main source lighting,Penama,,,Lamp (non-renewable),,,5928
2009,Number of private households main source lighting,Penama,,,Elecricity- main grid,,,166
2009,Number of private households main source lighting,Penama,,,Electricty- own generator,,,47
2009,Number of private households main source lighting,Penama,,,Others,,,283
2009,Number of private households main source lighting,Penama,,,Solar,,,130
2009,Number of private households main source lighting,Malampa,,,,,,7991
2009,Number of private households main source lighting,Malampa,,,Candles,,,117
2009,Number of private households main source lighting,Malampa,,,Lamp (non-renewable),,,6329
2009,Number of private households main source lighting,Malampa,,,Elecricity- main grid,,,523
2009,Number of private households main source lighting,Malampa,,,Electricty- own generator,,,104
2009,Number of private households main source lighting,Malampa,,,Others,,,511
2009,Number of private households main source lighting,Malampa,,,Solar,,,407
2009,Number of private households main source lighting,Shefa,,,,,,6876
2009,Number of private households main source lighting,Shefa,,,Candles,,,402
2009,Number of private households main source lighting,Shefa,,,Lamp (non-renewable),,,3558
2009,Number of private households main source lighting,Shefa,,,Elecricity- main grid,,,2095
2009,Number of private households main source lighting,Shefa,,,Electricty- own generator,,,291
2009,Number of private households main source lighting,Shefa,,,Others,,,142
2009,Number of private households main source lighting,Shefa,,,Solar,,,388
2009,Number of private households main source lighting,Tafea,,,,,,5853
2009,Number of private households main source lighting,Tafea,,,Candles,,,191
2009,Number of private households main source lighting,Tafea,,,Lamp (non-renewable),,,3628
2009,Number of private households main source lighting,Tafea,,,Elecricity- main grid,,,494
2009,Number of private households main source lighting,Tafea,,,Electricty- own generator,,,31
2009,Number of private households main source lighting,Tafea,,,Others,,,1171
2009,Number of private households main source lighting,Tafea,,,Solar,,,338
2020,Number of private households main source lighting,,,,,,,63365
2020,Number of private households main source lighting,,,,Candles,,,218
2020,Number of private households main source lighting,,,,Lamp (non-renewable),,,731
2020,Number of private households main source lighting,,,,Elecricity- main grid,,,19031
2020,Number of private households main source lighting,,,,Electricty- own generator,,,327
2020,Number of private households main source lighting,,,,Others,,,390
2020,Number of private households main source lighting,,,,Solar,,,42668
2020,Number of private households main source lighting,Port Vila,,,,,,11118
2020,Number of private households main source lighting,Port Vila,,,Candles,,,108
2020,Number of private households main source lighting,Port Vila,,,Lamp (non-renewable),,,47
2020,Number of private households main source lighting,Port Vila,,,Elecricity- main grid,,,9442
2020,Number of private households main source lighting,Port Vila,,,Electricty- own generator,,,18
2020,Number of private households main source lighting,Port Vila,,,Others,,,33
2020,Number of private households main source lighting,Port Vila,,,Solar,,,1470
2020,Number of private households main source lighting,Luganville,,,,,,3584
2020,Number of private households main source lighting,Luganville,,,Candles,,,9
2020,Number of private households main source lighting,Luganville,,,Lamp (non-renewable),,,10
2020,Number of private households main source lighting,Luganville,,,Elecricity- main grid,,,2743
2020,Number of private households main source lighting,Luganville,,,Electricty- own generator,,,10
2020,Number of private households main source lighting,Luganville,,,Others,,,17
2020,Number of private households main source lighting,Luganville,,,Solar,,,795
2020,Number of private households main source lighting,Torba,,,,,,2392
2020,Number of private households main source lighting,Torba,,,Candles,,,4
2020,Number of private households main source lighting,Torba,,,Lamp (non-renewable),,,53
2020,Number of private households main source lighting,Torba,,,Elecricity- main grid,,,47
2020,Number of private households main source lighting,Torba,,,Electricty- own generator,,,18
2020,Number of private households main source lighting,Torba,,,Others,,,11
2020,Number of private households main source lighting,Torba,,,Solar,,,2258
2020,Number of private households main source lighting,Sanma,,,,,,9306
2020,Number of private households main source lighting,Sanma,,,Candles,,,21
2020,Number of private households main source lighting,Sanma,,,Lamp (non-renewable),,,115
2020,Number of private households main source lighting,Sanma,,,Elecricity- main grid,,,859
2020,Number of private households main source lighting,Sanma,,,Electricty- own generator,,,39
2020,Number of private households main source lighting,Sanma,,,Others,,,75
2020,Number of private households main source lighting,Sanma,,,Solar,,,8196
2020,Number of private households main source lighting,Penama,,,,,,7863
2020,Number of private households main source lighting,Penama,,,Candles,,,7
2020,Number of private households main source lighting,Penama,,,Lamp (non-renewable),,,149
2020,Number of private households main source lighting,Penama,,,Elecricity- main grid,,,77
2020,Number of private households main source lighting,Penama,,,Electricty- own generator,,,54
2020,Number of private households main source lighting,Penama,,,Others,,,45
2020,Number of private households main source lighting,Penama,,,Solar,,,7531
2020,Number of private households main source lighting,Malampa,,,,,,9715
2020,Number of private households main source lighting,Malampa,,,Candles,,,9
2020,Number of private households main source lighting,Malampa,,,Lamp (non-renewable),,,130
2020,Number of private households main source lighting,Malampa,,,Elecricity- main grid,,,965
2020,Number of private households main source lighting,Malampa,,,Electricty- own generator,,,68
2020,Number of private households main source lighting,Malampa,,,Others,,,61
2020,Number of private households main source lighting,Malampa,,,Solar,,,8482
2020,Number of private households main source lighting,Shefa,,,,,,11148
2020,Number of private households main source lighting,Shefa,,,Candles,,,39
2020,Number of private households main source lighting,Shefa,,,Lamp (non-renewable),,,80
2020,Number of private households main source lighting,Shefa,,,Elecricity- main grid,,,3931
2020,Number of private households main source lighting,Shefa,,,Electricty- own generator,,,118
2020,Number of private households main source lighting,Shefa,,,Others,,,36
2020,Number of private households main source lighting,Shefa,,,Solar,,,6943
2020,Number of private households main source lighting,Tafea,,,,,,8239
2020,Number of private households main source lighting,Tafea,,,Candles,,,19
2020,Number of private households main source lighting,Tafea,,,Lamp (non-renewable),,,147
2020,Number of private households main source lighting,Tafea,,,Elecricity- main grid,,,968
2020,Number of private households main source lighting,Tafea,,,Electricty- own generator,,,1
2020,Number of private households main source lighting,Tafea,,,Others,,,111
2020,Number of private households main source lighting,Tafea,,,Solar,,,6992
2009,Number of private households main source cooking fuel,,,,,,,47373
2009,Number of private households main source cooking fuel,,,,,Charcoal,,491
2009,Number of private households main source cooking fuel,,,,,Electricity,,461
2009,Number of private households main source cooking fuel,,,,,Gas,,5926
2009,Number of private households main source cooking fuel,,,,,"Open fire (wood , coconut shells)",,40364
2009,Number of private households main source cooking fuel,,,,,Others,,131
2009,Number of private households main source cooking fuel,Port Vila,,,,,,9054
2009,Number of private households main source cooking fuel,Port Vila,,,,Charcoal,,308
2009,Number of private households main source cooking fuel,Port Vila,,,,Electricity,,345
2009,Number of private households main source cooking fuel,Port Vila,,,,Gas,,4078
2009,Number of private households main source cooking fuel,Port Vila,,,,"Open fire (wood , coconut shells)",,4301
2009,Number of private households main source cooking fuel,Port Vila,,,,Others,,22
2009,Number of private households main source cooking fuel,Luganville,,,,,,2552
2009,Number of private households main source cooking fuel,Luganville,,,,Charcoal,,13
2009,Number of private households main source cooking fuel,Luganville,,,,Electricity,,35
2009,Number of private households main source cooking fuel,Luganville,,,,Gas,,593
2009,Number of private households main source cooking fuel,Luganville,,,,"Open fire (wood , coconut shells)",,1894
2009,Number of private households main source cooking fuel,Luganville,,,,Others,,17
2009,Number of private households main source cooking fuel,Torba,,,,,,1766
2009,Number of private households main source cooking fuel,Torba,,,,Charcoal,,0
2009,Number of private households main source cooking fuel,Torba,,,,Electricity,,2
2009,Number of private households main source cooking fuel,Torba,,,,Gas,,11
2009,Number of private households main source cooking fuel,Torba,,,,"Open fire (wood , coconut shells)",,1752
2009,Number of private households main source cooking fuel,Torba,,,,Others,,1
2009,Number of private households main source cooking fuel,Sanma,,,,,,6661
2009,Number of private households main source cooking fuel,Sanma,,,,Charcoal,,1
2009,Number of private households main source cooking fuel,Sanma,,,,Electricity,,10
2009,Number of private households main source cooking fuel,Sanma,,,,Gas,,159
2009,Number of private households main source cooking fuel,Sanma,,,,"Open fire (wood , coconut shells)",,6474
2009,Number of private households main source cooking fuel,Sanma,,,,Others,,17
2009,Number of private households main source cooking fuel,Penama,,,,,,6620
2009,Number of private households main source cooking fuel,Penama,,,,Charcoal,,79
2009,Number of private households main source cooking fuel,Penama,,,,Electricity,,5
2009,Number of private households main source cooking fuel,Penama,,,,Gas,,117
2009,Number of private households main source cooking fuel,Penama,,,,"Open fire (wood , coconut shells)",,6411
2009,Number of private households main source cooking fuel,Penama,,,,Others,,8
2009,Number of private households main source cooking fuel,Malampa,,,,,,7991
2009,Number of private households main source cooking fuel,Malampa,,,,Charcoal,,11
2009,Number of private households main source cooking fuel,Malampa,,,,Electricity,,8
2009,Number of private households main source cooking fuel,Malampa,,,,Gas,,114
2009,Number of private households main source cooking fuel,Malampa,,,,"Open fire (wood , coconut shells)",,7840
2009,Number of private households main source cooking fuel,Malampa,,,,Others,,18
2009,Number of private households main source cooking fuel,Shefa,,,,,,6876
2009,Number of private households main source cooking fuel,Shefa,,,,Charcoal,,77
2009,Number of private households main source cooking fuel,Shefa,,,,Electricity,,45
2009,Number of private households main source cooking fuel,Shefa,,,,Gas,,788
2009,Number of private households main source cooking fuel,Shefa,,,,"Open fire (wood , coconut shells)",,5930
2009,Number of private households main source cooking fuel,Shefa,,,,Others,,36
2009,Number of private households main source cooking fuel,Tafea,,,,,,5853
2009,Number of private households main source cooking fuel,Tafea,,,,Charcoal,,2
2009,Number of private households main source cooking fuel,Tafea,,,,Electricity,,11
2009,Number of private households main source cooking fuel,Tafea,,,,Gas,,66
2009,Number of private households main source cooking fuel,Tafea,,,,"Open fire (wood , coconut shells)",,5762
2009,Number of private households main source cooking fuel,Tafea,,,,Others,,12
2020,Number of private households main source cooking fuel,,,,,,,63365
2020,Number of private households main source cooking fuel,,,,,Charcoal,,444
2020,Number of private households main source cooking fuel,,,,,Electricity,,3755
2020,Number of private households main source cooking fuel,,,,,Gas,,7576
2020,Number of private households main source cooking fuel,,,,,"Open fire (wood , coconut shells)",,47390
2020,Number of private households main source cooking fuel,,,,,Others,,4200
2020,Number of private households main source cooking fuel,Port Vila,,,,,,11118
2020,Number of private households main source cooking fuel,Port Vila,,,,Charcoal,,340
2020,Number of private households main source cooking fuel,Port Vila,,,,Electricity,,1931
2020,Number of private households main source cooking fuel,Port Vila,,,,Gas,,4925
2020,Number of private households main source cooking fuel,Port Vila,,,,"Open fire (wood , coconut shells)",,3392
2020,Number of private households main source cooking fuel,Port Vila,,,,Others,,530
2020,Number of private households main source cooking fuel,Luganville,,,,,,3584
2020,Number of private households main source cooking fuel,Luganville,,,,Charcoal,,2
2020,Number of private households main source cooking fuel,Luganville,,,,Electricity,,444
2020,Number of private households main source cooking fuel,Luganville,,,,Gas,,672
2020,Number of private households main source cooking fuel,Luganville,,,,"Open fire (wood , coconut shells)",,2307
2020,Number of private households main source cooking fuel,Luganville,,,,Others,,159
2020,Number of private households main source cooking fuel,Torba,,,,,,2392
2020,Number of private households main source cooking fuel,Torba,,,,Charcoal,,2
2020,Number of private households main source cooking fuel,Torba,,,,Electricity,,6
2020,Number of private households main source cooking fuel,Torba,,,,Gas,,12
2020,Number of private households main source cooking fuel,Torba,,,,"Open fire (wood , coconut shells)",,2284
2020,Number of private households main source cooking fuel,Torba,,,,Others,,88
2020,Number of private households main source cooking fuel,Sanma,,,,,,9306
2020,Number of private households main source cooking fuel,Sanma,,,,Charcoal,,4
2020,Number of private households main source cooking fuel,Sanma,,,,Electricity,,123
2020,Number of private households main source cooking fuel,Sanma,,,,Gas,,206
2020,Number of private households main source cooking fuel,Sanma,,,,"Open fire (wood , coconut shells)",,8376
2020,Number of private households main source cooking fuel,Sanma,,,,Others,,597
2020,Number of private households main source cooking fuel,Penama,,,,,,7863
2020,Number of private households main source cooking fuel,Penama,,,,Charcoal,,1
2020,Number of private households main source cooking fuel,Penama,,,,Electricity,,2
2020,Number of private households main source cooking fuel,Penama,,,,Gas,,132
2020,Number of private households main source cooking fuel,Penama,,,,"Open fire (wood , coconut shells)",,7138
2020,Number of private households main source cooking fuel,Penama,,,,Others,,590
2020,Number of private households main source cooking fuel,Malampa,,,,,,9715
2020,Number of private households main source cooking fuel,Malampa,,,,Charcoal,,29
2020,Number of private households main source cooking fuel,Malampa,,,,Electricity,,223
2020,Number of private households main source cooking fuel,Malampa,,,,Gas,,74
2020,Number of private households main source cooking fuel,Malampa,,,,"Open fire (wood , coconut shells)",,8509
2020,Number of private households main source cooking fuel,Malampa,,,,Others,,881
2020,Number of private households main source cooking fuel,Shefa,,,,,,11148
2020,Number of private households main source cooking fuel,Shefa,,,,Charcoal,,64
2020,Number of private households main source cooking fuel,Shefa,,,,Electricity,,837
2020,Number of private households main source cooking fuel,Shefa,,,,Gas,,1449
2020,Number of private households main source cooking fuel,Shefa,,,,"Open fire (wood , coconut shells)",,8111
2020,Number of private households main source cooking fuel,Shefa,,,,Others,,687
2020,Number of private households main source cooking fuel,Tafea,,,,,,8239
2020,Number of private households main source cooking fuel,Tafea,,,,Charcoal,,1
2020,Number of private households main source cooking fuel,Tafea,,,,Electricity,,189
2020,Number of private households main source cooking fuel,Tafea,,,,Gas,,107
2020,Number of private households main source cooking fuel,Tafea,,,,"Open fire (wood , coconut shells)",,7273
2020,Number of private households main source cooking fuel,Tafea,,,,Others,,669
